mean_fit_time,std_fit_time,mean_score_time,std_score_time,param_classifier__C,param_classifier__class_weight,param_classifier__penalty,param_preprocess__text_clean_pipeline__tfidf__max_features,param_preprocess__text_clean_pipeline__tfidf__min_df,param_preprocess__text_clean_pipeline__tfidf__ngram_range,param_preprocess__text_clean_pipeline__tfidf__sublinear_tf,params,split0_test_auc,split1_test_auc,split2_test_auc,split3_test_auc,split4_test_auc,mean_test_auc,std_test_auc,rank_test_auc,split0_test_f1,split1_test_f1,split2_test_f1,split3_test_f1,split4_test_f1,mean_test_f1,std_test_f1,rank_test_f1,split0_test_recall,split1_test_recall,split2_test_recall,split3_test_recall,split4_test_recall,mean_test_recall,std_test_recall,rank_test_recall,split0_test_precision,split1_test_precision,split2_test_precision,split3_test_precision,split4_test_precision,mean_test_precision,std_test_precision,rank_test_precision
2.854202938079834,0.8219388513948448,1.1283197402954102,0.37805813512906233,0.31489116479568624,balanced,l2,10000,3,"(1, 1)",True,"{'classifier__C': np.float64(0.31489116479568624), 'classifier__class_weight': 'balanced', 'classifier__penalty': 'l2', 'preprocess__text_clean_pipeline__tfidf__max_features': 10000, 'preprocess__text_clean_pipeline__tfidf__min_df': 3, 'preprocess__text_clean_pipeline__tfidf__ngram_range': (1, 1), 'preprocess__text_clean_pipeline__tfidf__sublinear_tf': True}",0.9240157998142166,0.9222687156623366,0.926943366281269,0.9299978002730129,0.9265183255760407,0.9259488015213752,0.002645276361025573,3,0.9050339164584077,0.9007470651013874,0.9056401074306177,0.9058424155797749,0.910158334815869,0.9054843678772114,0.0029880884853030515,21,0.8543983822042467,0.8536749831422792,0.8526635198921105,0.8546864463924477,0.8624409979770735,0.8555728659216315,0.003504358511304519,23,0.9620493358633776,0.9533132530120482,0.9656357388316151,0.9635119726339795,0.9634651600753296,0.9615950920832701,0.004296361420991232,1
6.33018159866333,0.5346582258541017,1.543012762069702,0.3416698672379954,0.6071989493441299,balanced,l2,10000,3,"(1, 2)",False,"{'classifier__C': np.float64(0.6071989493441299), 'classifier__class_weight': 'balanced', 'classifier__penalty': 'l2', 'preprocess__text_clean_pipeline__tfidf__max_features': 10000, 'preprocess__text_clean_pipeline__tfidf__min_df': 3, 'preprocess__text_clean_pipeline__tfidf__ngram_range': (1, 2), 'preprocess__text_clean_pipeline__tfidf__sublinear_tf': False}",0.9280258658248868,0.9271330790049788,0.9328487081229544,0.9337645757610645,0.9300820888771936,0.9303708635182156,0.0025970233037717265,2,0.9155947136563877,0.9137055837563451,0.9163572060123785,0.9162109719527254,0.9181419807186678,0.9160020912193009,0.0014274990544820604,10,0.8756319514661274,0.8799730276466622,0.8735670937289278,0.875590020229265,0.8830074173971679,0.87755390209363,0.0034362294666059274,18,0.9593796159527327,0.9501274117218784,0.9635552249907029,0.9607843137254902,0.9561883899233297,0.9580069912628268,0.004599469549290416,3
6.709072542190552,0.22595256387105694,1.2439522743225098,0.07606405775796253,6.79657809075816,,l2,5000,5,"(1, 2)",False,"{'classifier__C': np.float64(6.79657809075816), 'classifier__class_weight': None, 'classifier__penalty': 'l2', 'preprocess__text_clean_pipeline__tfidf__max_features': 5000, 'preprocess__text_clean_pipeline__tfidf__min_df': 5, 'preprocess__text_clean_pipeline__tfidf__ngram_range': (1, 2), 'preprocess__text_clean_pipeline__tfidf__sublinear_tf': False}",0.9229815572928226,0.9184902256009508,0.9270430735325559,0.927175159942766,0.9228358386921698,0.923705171012253,0.00321426282539178,8,0.9326510399471772,0.9302249220160893,0.9373450157050752,0.9341931216931217,0.9316647455952577,0.9332157689913443,0.002436212421955652,3,0.9521402089652848,0.9551584625758598,0.9558327714093054,0.9524612272420768,0.9538098449089684,0.953880503020299,0.001448619493837189,10,0.9139437075380136,0.90656,0.9195588712293221,0.9166125892277742,0.9105246218216929,0.9134399579633605,0.004551778964905479,18
2.6870283603668215,0.4014100858613529,1.1163331031799317,0.28392696406616175,0.053370327626039576,balanced,l2,5000,5,"(1, 1)",False,"{'classifier__C': np.float64(0.053370327626039576), 'classifier__class_weight': 'balanced', 'classifier__penalty': 'l2', 'preprocess__text_clean_pipeline__tfidf__max_features': 5000, 'preprocess__text_clean_pipeline__tfidf__min_df': 5, 'preprocess__text_clean_pipeline__tfidf__ngram_range': (1, 1), 'preprocess__text_clean_pipeline__tfidf__sublinear_tf': False}",0.9098945103455078,0.9028399999589461,0.9106396888311432,0.910832421919971,0.9096441581829844,0.9087701558477106,0.002998095959530567,16,0.8922134102379236,0.8818611414031261,0.8907380607814761,0.8831215970961888,0.889009009009009,0.8873886437055447,0.004144478713344633,26,0.8341759352881699,0.8179366149696561,0.830074173971679,0.8202966958867162,0.8317599460552934,0.826848673234303,0.006489474780146731,26,0.9589306470360326,0.9566246056782335,0.960967993754879,0.9563679245283019,0.9547213622291022,0.9575225066453099,0.002183572157462823,4
3.989930248260498,0.1787137551905851,1.3710214138031005,0.09140372352576466,0.012366582530130834,balanced,l2,10000,5,"(1, 2)",False,"{'classifier__C': np.float64(0.012366582530130834), 'classifier__class_weight': 'balanced', 'classifier__penalty': 'l2', 'preprocess__text_clean_pipeline__tfidf__max_features': 10000, 'preprocess__text_clean_pipeline__tfidf__min_df': 5, 'preprocess__text_clean_pipeline__tfidf__ngram_range': (1, 2), 'preprocess__text_clean_pipeline__tfidf__sublinear_tf': False}",0.8311292099270841,0.7998395822364268,0.8162847639096755,0.8048415579823365,0.8122322294952551,0.8128654687101555,0.010767670840048562,27,0.8467475192943771,0.8302446256486287,0.8393648449039882,0.8339796860572484,0.8421052631578947,0.8384883878124274,0.005836972216219001,28,0.7765419615773509,0.7552258934592043,0.7663519892110586,0.7612946729602158,0.7741065407956844,0.7667042116007028,0.007908410186454145,28,0.9309090909090909,0.9218106995884774,0.9277551020408163,0.9220089832584728,0.9232006433453961,0.9251369038284507,0.0035991591231700377,13
6.868362760543823,1.2501332327377532,1.3220114231109619,0.1478249368134218,78.52755494724258,balanced,l1,5000,10,"(1, 2)",True,"{'classifier__C': np.float64(78.52755494724258), 'classifier__class_weight': 'balanced', 'classifier__penalty': 'l1', 'preprocess__text_clean_pipeline__tfidf__max_features': 5000, 'preprocess__text_clean_pipeline__tfidf__min_df': 10, 'preprocess__text_clean_pipeline__tfidf__ngram_range': (1, 2), 'preprocess__text_clean_pipeline__tfidf__sublinear_tf': True}",0.8753935567667103,0.8638342616626178,0.8734725260266765,0.8733008650888936,0.8742239280956532,0.8720450275281102,0.004171134420884022,24,0.9064477509834103,0.907919280990334,0.9080970276733857,0.90943139257746,0.9048186616720586,0.9073428227793296,0.0015770729664936042,18,0.8931580721267274,0.9025623735670937,0.8961564396493594,0.9005394470667566,0.8958192852326365,0.8976471235285148,0.003412914652989719,15,0.9201388888888888,0.9133401569430228,0.9203601108033241,0.9185006877579092,0.9140006879944961,0.9172681064775281,0.0030141648961443633,14
2.671520948410034,0.5350679892711626,1.069972848892212,0.16954172320639174,0.338725556585215,,l1,3000,10,"(1, 1)",True,"{'classifier__C': np.float64(0.338725556585215), 'classifier__class_weight': None, 'classifier__penalty': 'l1', 'preprocess__text_clean_pipeline__tfidf__max_features': 3000, 'preprocess__text_clean_pipeline__tfidf__min_df': 10, 'preprocess__text_clean_pipeline__tfidf__ngram_range': (1, 1), 'preprocess__text_clean_pipeline__tfidf__sublinear_tf': True}",0.9038411345943592,0.9045945371747384,0.9137886905251386,0.9164252791803035,0.9045102626515138,0.9086319808252107,0.005358523560134981,17,0.9229781771501926,0.9299872122762148,0.9275128865979382,0.9290197971994205,0.9260988568668491,0.9271193860181232,0.002456905510895434,6,0.9693292888439501,0.980782198246797,0.9706675657451113,0.9730276466621712,0.9696561024949427,0.9726925603985945,0.004247041295223626,7,0.8808575803981623,0.88419452887538,0.8880320789636027,0.888820449645827,0.886286594761171,0.8856382465288286,0.002871107631203369,23
5.44895224571228,0.6746777806155988,1.298166847229004,0.05932030786742176,5.2629610310767445,balanced,l2,5000,3,"(1, 2)",False,"{'classifier__C': np.float64(5.2629610310767445), 'classifier__class_weight': 'balanced', 'classifier__penalty': 'l2', 'preprocess__text_clean_pipeline__tfidf__max_features': 5000, 'preprocess__text_clean_pipeline__tfidf__min_df': 3, 'preprocess__text_clean_pipeline__tfidf__ngram_range': (1, 2), 'preprocess__text_clean_pipeline__tfidf__sublinear_tf': False}",0.9239217777668169,0.91940777826016,0.9275251632320773,0.9275035771261286,0.922907278423762,0.924253114961789,0.00305516455337235,6,0.91991643454039,0.917614615649776,0.9216268109617735,0.9182892906815021,0.9210206561360875,0.9196935615939058,0.0015389800795696264,9,0.8904617458712504,0.8975050573162509,0.890087660148348,0.8904248145650708,0.8944706675657451,0.892589989093333,0.0029384995236214407,16,0.9513863881886928,0.9386459802538787,0.9554831704668838,0.947954055994257,0.9491949910554561,0.9485329171918337,0.005567284103031063,9
7.5602343559265135,2.496540282107415,1.2682050228118897,0.09200592017105855,17.12337597316399,balanced,l1,3000,5,"(1, 2)",False,"{'classifier__C': np.float64(17.12337597316399), 'classifier__class_weight': 'balanced', 'classifier__penalty': 'l1', 'preprocess__text_clean_pipeline__tfidf__max_features': 3000, 'preprocess__text_clean_pipeline__tfidf__min_df': 5, 'preprocess__text_clean_pipeline__tfidf__ngram_range': (1, 2), 'preprocess__text_clean_pipeline__tfidf__sublinear_tf': False}",0.8824467516667077,0.8792489410682818,0.8916603621531833,0.884521014588096,0.880247479565153,0.8836249098082843,0.0044117047097648075,21,0.9031476997578692,0.9042224510813595,0.9067914067914068,0.9090595340811044,0.9045156842468114,0.9055473551917104,0.0021194870594155135,20,0.8800134816312774,0.8880647336480108,0.8823331085637222,0.8880647336480108,0.8846931894807822,0.8846338493943607,0.003168174913278982,17,0.9275310834813499,0.920979020979021,0.9326443335709195,0.9310710498409331,0.92524682651622,0.9274944628776888,0.004166949384851489,12
2.666726064682007,0.3371862432232209,1.1490146160125732,0.31032861947788326,0.5762487216478605,balanced,l1,3000,10,"(1, 1)",False,"{'classifier__C': np.float64(0.5762487216478605), 'classifier__class_weight': 'balanced', 'classifier__penalty': 'l1', 'preprocess__text_clean_pipeline__tfidf__max_features': 3000, 'preprocess__text_clean_pipeline__tfidf__min_df': 10, 'preprocess__text_clean_pipeline__tfidf__ngram_range': (1, 1), 'preprocess__text_clean_pipeline__tfidf__sublinear_tf': False}",0.9190778440898666,0.9161368159280572,0.9252349801818989,0.9269963036363338,0.9180827837442231,0.9211057455160759,0.004235332270619698,11,0.9040313949339993,0.9001601708489055,0.9035950634949025,0.904438081603436,0.9011617515638963,0.902677292489028,0.0016975889374663412,22,0.854061341422312,0.8526635198921105,0.851652056641942,0.8519892110586649,0.8499662845583277,0.8520664827146713,0.0013359990141600918,24,0.9602122015915119,0.9532604598567659,0.9622857142857143,0.9637681159420289,0.9589197413465196,0.959689246604508,0.003621428966597743,2
5.054825639724731,0.8127063772534433,1.3108031272888183,0.11471592264608381,0.3666421832063723,,l1,5000,5,"(1, 2)",False,"{'classifier__C': np.float64(0.3666421832063723), 'classifier__class_weight': None, 'classifier__penalty': 'l1', 'preprocess__text_clean_pipeline__tfidf__max_features': 5000, 'preprocess__text_clean_pipeline__tfidf__min_df': 5, 'preprocess__text_clean_pipeline__tfidf__ngram_range': (1, 2), 'preprocess__text_clean_pipeline__tfidf__sublinear_tf': False}",0.9022329979366528,0.9021944287926793,0.9140903820535171,0.9166976752791803,0.9041725942798876,0.9078776156683833,0.00623344886214707,19,0.9265627510846859,0.9272263006702841,0.9286173633440514,0.9300530631934395,0.9271034039820167,0.9279125764548954,0.0012669783826473953,5,0.9716885743174924,0.9794335805799056,0.973701955495617,0.9750505731625084,0.9733648010788941,0.9746478969268836,0.0026215890841437043,6,0.8854422604422605,0.8803030303030303,0.8875230485556238,0.8890255149093145,0.8850398528510116,0.8854667414122481,0.0029577022653534913,24
5.867039728164673,0.4143888684233974,1.4499027729034424,0.1528582649235834,1.5375920235481764,,l2,10000,5,"(1, 2)",False,"{'classifier__C': np.float64(1.5375920235481764), 'classifier__class_weight': None, 'classifier__penalty': 'l2', 'preprocess__text_clean_pipeline__tfidf__max_features': 10000, 'preprocess__text_clean_pipeline__tfidf__min_df': 5, 'preprocess__text_clean_pipeline__tfidf__ngram_range': (1, 2), 'preprocess__text_clean_pipeline__tfidf__sublinear_tf': False}",0.9291736540975117,0.9281214494868787,0.9338576015986053,0.934544245349736,0.9309989844251106,0.9313391869915686,0.0025208695469123186,1,0.9323820334035998,0.9349725008087998,0.9361494719740049,0.9367582506909445,0.9315379623621025,0.9343600438478903,0.0020593796075380113,1,0.9689922480620154,0.9743762643290627,0.971341874578557,0.971341874578557,0.9679703304113284,0.9708045183919041,0.0022204421920019204,8,0.8984375,0.8986318407960199,0.9034179993728442,0.904552590266876,0.8977485928705441,0.9005577046612568,0.002836749031016996,21
5.526062440872193,0.6565937186226086,1.3629159927368164,0.18247192937194331,57.27904470799624,,l1,5000,10,"(1, 2)",True,"{'classifier__C': np.float64(57.27904470799624), 'classifier__class_weight': None, 'classifier__penalty': 'l1', 'preprocess__text_clean_pipeline__tfidf__max_features': 5000, 'preprocess__text_clean_pipeline__tfidf__min_df': 10, 'preprocess__text_clean_pipeline__tfidf__ngram_range': (1, 2), 'preprocess__text_clean_pipeline__tfidf__sublinear_tf': True}",0.8782738168635479,0.8662338568720487,0.8764961227242076,0.8759369397891551,0.8765917183362663,0.8747064909170451,0.004307718907340456,23,0.9120189862688591,0.912056499075164,0.9132126543732025,0.9149223497636731,0.9086919831223629,0.9121804945206524,0.002039328109784779,12,0.9066397034041119,0.9143627781523938,0.9099797707349966,0.9136884693189481,0.9076196898179366,0.9104580822856775,0.003116001322846403,13,0.917462482946794,0.9097618248909762,0.9164685908319186,0.9161595672751859,0.909766813112538,0.9139238558114826,0.0034234330564516364,17
4.169689655303955,0.23198871904945992,1.5577391624450683,0.4187540709418358,0.022592797420156956,balanced,l1,3000,5,"(1, 2)",True,"{'classifier__C': np.float64(0.022592797420156956), 'classifier__class_weight': 'balanced', 'classifier__penalty': 'l1', 'preprocess__text_clean_pipeline__tfidf__max_features': 3000, 'preprocess__text_clean_pipeline__tfidf__min_df': 5, 'preprocess__text_clean_pipeline__tfidf__ngram_range': (1, 2), 'preprocess__text_clean_pipeline__tfidf__sublinear_tf': True}",0.7335317558180638,0.7219325362736072,0.7447342750357712,0.724325639771064,0.7241444706675657,0.7297337355132144,0.008494553959460773,29,0.7570532915360502,0.7592233009708738,0.779335509890532,0.7604592333138743,0.7678950414817673,0.7647932754386195,0.008134044786737456,29,0.6511627906976745,0.6591368846931894,0.684086311530681,0.6587997302764667,0.6709372892784895,0.6648246012953002,0.011521047654762185,29,0.9040711277491811,0.8951465201465202,0.9053993752788934,0.8992176714219973,0.8976093820478124,0.9002888153288808,0.0038779794214748,22
3.144266414642334,0.7554111844387766,1.1312328815460204,0.10950951347960232,0.358681649862755,,l2,3000,5,"(1, 1)",False,"{'classifier__C': np.float64(0.358681649862755), 'classifier__class_weight': None, 'classifier__penalty': 'l2', 'preprocess__text_clean_pipeline__tfidf__max_features': 3000, 'preprocess__text_clean_pipeline__tfidf__min_df': 5, 'preprocess__text_clean_pipeline__tfidf__ngram_range': (1, 1), 'preprocess__text_clean_pipeline__tfidf__sublinear_tf': False}",0.9219175154340016,0.9202380915725765,0.9261729478808612,0.928957555548246,0.9243319614163775,0.9243236143704125,0.0030781268189956426,5,0.9233698238933841,0.9308536003814973,0.9245974812689304,0.9269457265637434,0.9267749124482649,0.9265083089111641,0.0025552033224809207,7,0.980788675429727,0.9871881321645314,0.9777478084962913,0.9817936614969656,0.9814565070802428,0.9817949569335515,0.003052634992643982,5,0.8723021582733813,0.8806015037593985,0.8769277290595706,0.8779017184202593,0.8778648974668275,0.8771196013958875,0.002703160763780807,25
2.984334707260132,0.4906970018570147,1.1914867401123046,0.2060731835110912,2.680013555822699,balanced,l2,3000,10,"(1, 1)",True,"{'classifier__C': np.float64(2.680013555822699), 'classifier__class_weight': 'balanced', 'classifier__penalty': 'l2', 'preprocess__text_clean_pipeline__tfidf__max_features': 3000, 'preprocess__text_clean_pipeline__tfidf__min_df': 10, 'preprocess__text_clean_pipeline__tfidf__ngram_range': (1, 1), 'preprocess__text_clean_pipeline__tfidf__sublinear_tf': True}",0.9246415859001866,0.9204900593330193,0.9248495140042433,0.9278808200253277,0.92489114435143,0.9245506247228412,0.0023576239901009605,4,0.9114326040931545,0.90889905029898,0.9114058355437665,0.911878745153331,0.9117491632904703,0.9110730796759405,0.001102050263946936,13,0.8705763397371082,0.8712070128118679,0.8688469318948078,0.8722184760620364,0.8725556304787593,0.8710808781969158,0.001321363558960645,21,0.9563124768604221,0.95,0.9583488285608033,0.955317577548006,0.9546292880855772,0.9549216342109617,0.002762058112235516,7
2.1962186813354494,0.2843974482367007,1.0217769622802735,0.049562886657722106,0.011549033124221246,balanced,l1,3000,10,"(1, 1)",True,"{'classifier__C': np.float64(0.011549033124221246), 'classifier__class_weight': 'balanced', 'classifier__penalty': 'l1', 'preprocess__text_clean_pipeline__tfidf__max_features': 3000, 'preprocess__text_clean_pipeline__tfidf__min_df': 10, 'preprocess__text_clean_pipeline__tfidf__ngram_range': (1, 1), 'preprocess__text_clean_pipeline__tfidf__sublinear_tf': True}",0.5789256003025147,0.5547624472586832,0.5701877374471654,0.5517835263062678,0.5604102593622025,0.5632139141353667,0.010054181539812333,30,0.687964637331726,0.6752722872125857,0.6756206756206756,0.7073028237585199,0.7006896551724138,0.6893700158191842,0.01295750926782556,30,0.5770138186720594,0.5643964935940661,0.559676331759946,0.612272420768712,0.5994605529332434,0.5825639235456054,0.020262240373744245,30,0.8517412935323383,0.8403614457831325,0.8521560574948666,0.8372521899492854,0.8430535798956852,0.8449129133310617,0.006032405390003259,27
3.55045862197876,0.7920679214806018,1.12703595161438,0.21642748654018681,6.720930050156114,balanced,l2,3000,10,"(1, 1)",False,"{'classifier__C': np.float64(6.720930050156114), 'classifier__class_weight': 'balanced', 'classifier__penalty': 'l2', 'preprocess__text_clean_pipeline__tfidf__max_features': 3000, 'preprocess__text_clean_pipeline__tfidf__min_df': 10, 'preprocess__text_clean_pipeline__tfidf__ngram_range': (1, 1), 'preprocess__text_clean_pipeline__tfidf__sublinear_tf': False}",0.9205559939825889,0.9137988014340095,0.9194339711856323,0.9211875853165139,0.9187982089699521,0.9187549121777394,0.0026148737529910096,12,0.9118679775280899,0.9063814866760168,0.910279053338043,0.9097612359550562,0.9104634831460674,0.9097506473286547,0.001823282238660646,16,0.8752949106841927,0.8715441672285907,0.8688469318948078,0.8735670937289278,0.8742414025623736,0.8726989012197786,0.002282253799869718,20,0.9516306339318432,0.9441197954711468,0.9558605341246291,0.949084249084249,0.9498168498168498,0.9501024124857438,0.0038052945927975856,8
5.655188465118409,1.2516214293233792,1.4302725791931152,0.1139260576374589,0.27155819552829413,balanced,l1,10000,3,"(1, 2)",False,"{'classifier__C': np.float64(0.27155819552829413), 'classifier__class_weight': 'balanced', 'classifier__penalty': 'l1', 'preprocess__text_clean_pipeline__tfidf__max_features': 10000, 'preprocess__text_clean_pipeline__tfidf__min_df': 3, 'preprocess__text_clean_pipeline__tfidf__ngram_range': (1, 2), 'preprocess__text_clean_pipeline__tfidf__sublinear_tf': False}",0.9028741974730161,0.9038263177503334,0.915864040425637,0.9147415629163035,0.9050545408943637,0.9084721318919307,0.0056311004992529255,18,0.88864903759669,0.8915187376725838,0.8968868094295483,0.8945663907880532,0.8943876636184328,0.8932017278210616,0.0028428161850226636,25,0.8324907313784968,0.8381658799730276,0.8401888064733648,0.8381658799730276,0.8408631153068106,0.8379748826209455,0.0029459199479641854,25,0.9529320987654321,0.9521256223669092,0.961790814357391,0.9591049382716049,0.9551895825354271,0.9562286112593528,0.0036876131453413216,6
5.601042032241821,0.815078304408804,1.4130581378936768,0.09901910334172834,0.2106648601704221,,l2,10000,5,"(1, 2)",True,"{'classifier__C': np.float64(0.2106648601704221), 'classifier__class_weight': None, 'classifier__penalty': 'l2', 'preprocess__text_clean_pipeline__tfidf__max_features': 10000, 'preprocess__text_clean_pipeline__tfidf__min_df': 5, 'preprocess__text_clean_pipeline__tfidf__ngram_range': (1, 2), 'preprocess__text_clean_pipeline__tfidf__sublinear_tf': True}",0.9211761284700815,0.9174438666120651,0.9235533197375129,0.9268344078417183,0.9218978709932076,0.9221811187309171,0.003068153434692059,10,0.9145073700543057,0.9139318885448916,0.9155541757218255,0.915527950310559,0.9150489206398509,0.9149140610542865,0.0006220698227788307,11,0.9932591843613077,0.99527983816588,0.9942683749157114,0.9939312204989885,0.9932569116655429,0.993999105921486,0.0007504299477554061,4,0.847326049453709,0.8448769318832284,0.8483889528193326,0.8485895221646517,0.8482579902101929,0.8474878893062229,0.0013756348799208666,26
6.599971961975098,0.6765634679359092,1.0799553871154786,0.17668421110395194,8.28752236376816,,l1,10000,10,"(1, 1)",True,"{'classifier__C': np.float64(8.28752236376816), 'classifier__class_weight': None, 'classifier__penalty': 'l1', 'preprocess__text_clean_pipeline__tfidf__max_features': 10000, 'preprocess__text_clean_pipeline__tfidf__min_df': 10, 'preprocess__text_clean_pipeline__tfidf__ngram_range': (1, 1), 'preprocess__text_clean_pipeline__tfidf__sublinear_tf': True}",0.909212722056442,0.8991949347808906,0.9083063335690673,0.9046798677696825,0.9032346265809253,0.9049256969514016,0.003621300159649731,20,0.9267234184610249,0.923025658113962,0.9234377617691406,0.9285833194606292,0.924126455906822,0.9251793227423157,0.002133131959106912,8,0.9356252106504888,0.9339177343223196,0.9291975724881996,0.940323668240054,0.9362778152393796,0.9350684001880882,0.0036105737707950443,12,0.917989417989418,0.9123847167325428,0.9177489177489178,0.9171325221966459,0.9122864651773982,0.9155084079689846,0.0026058167285071122,15
4.253768825531006,0.1999889463988083,1.3852570056915283,0.1396734620873597,0.03008686821445845,,l2,3000,3,"(1, 2)",True,"{'classifier__C': np.float64(0.03008686821445845), 'classifier__class_weight': None, 'classifier__penalty': 'l2', 'preprocess__text_clean_pipeline__tfidf__max_features': 3000, 'preprocess__text_clean_pipeline__tfidf__min_df': 3, 'preprocess__text_clean_pipeline__tfidf__ngram_range': (1, 2), 'preprocess__text_clean_pipeline__tfidf__sublinear_tf': True}",0.8859969830739765,0.8653096329686729,0.8796276499514826,0.8763876782395607,0.8765516298537901,0.8767747148174966,0.006705775670079132,22,0.9004552352048558,0.9002883593868569,0.9006984512602491,0.9006984512602491,0.9005617124639441,0.900540441915231,0.00015568694683438096,24,1.0,1.0,1.0,1.0,1.0,1.0,0.0,1,0.8189345845983991,0.8186585702456528,0.8193370165745857,0.8193370165745857,0.8191107428887048,0.8190755861763857,0.0002575699641289076,30
2.889314365386963,0.3056417123466969,1.0505897998809814,0.09715228478098785,12.130221181165163,balanced,l2,3000,10,"(1, 1)",False,"{'classifier__C': np.float64(12.130221181165163), 'classifier__class_weight': 'balanced', 'classifier__penalty': 'l2', 'preprocess__text_clean_pipeline__tfidf__max_features': 3000, 'preprocess__text_clean_pipeline__tfidf__min_df': 10, 'preprocess__text_clean_pipeline__tfidf__ngram_range': (1, 1), 'preprocess__text_clean_pipeline__tfidf__sublinear_tf': False}",0.9167129070178467,0.9085095311552234,0.9145128529842279,0.9155669744913902,0.9137126251994145,0.9138029781696206,0.0028323854303687196,13,0.9127469837384158,0.9065175607199022,0.9099876695437731,0.9081043234727814,0.9095054366888811,0.9093723948327506,0.002075678018075162,17,0.8796764408493428,0.8745785569790965,0.870869858395145,0.8745785569790965,0.8742414025623736,0.8747889631530109,0.002815499403364563,19,0.9484011627906976,0.9408777656873413,0.9527849502028771,0.9443028758645795,0.9477339181286549,0.9468201345348302,0.004014025796841164,10
2.4073554992675783,0.3240121733086619,1.1455344676971435,0.1568325259018849,0.012637946338082878,balanced,l2,10000,10,"(1, 1)",False,"{'classifier__C': np.float64(0.012637946338082878), 'classifier__class_weight': 'balanced', 'classifier__penalty': 'l2', 'preprocess__text_clean_pipeline__tfidf__max_features': 10000, 'preprocess__text_clean_pipeline__tfidf__min_df': 10, 'preprocess__text_clean_pipeline__tfidf__ngram_range': (1, 1), 'preprocess__text_clean_pipeline__tfidf__sublinear_tf': False}",0.8667563729479559,0.8426551141244607,0.8582029258424748,0.8492441779188526,0.8550585497426113,0.854383428115271,0.008149838741728638,26,0.8596072673885117,0.845299777942265,0.8589790672052883,0.8471760797342193,0.8585526315789473,0.8539229647698463,0.006311720710058081,27,0.7893495112908662,0.7700606877950101,0.7886041807147673,0.7737693863789615,0.791975724881996,0.7827518982123203,0.008995654817163004,27,0.943593875906527,0.9368334700574241,0.9431451612903226,0.9359706362153344,0.9373503591380686,0.9393787005215353,0.003291236832790285,11
3.239802694320679,0.368030548795332,1.0342612743377686,0.01613161336337376,1.7910276390244804,,l1,3000,10,"(1, 1)",True,"{'classifier__C': np.float64(1.7910276390244804), 'classifier__class_weight': None, 'classifier__penalty': 'l1', 'preprocess__text_clean_pipeline__tfidf__max_features': 3000, 'preprocess__text_clean_pipeline__tfidf__min_df': 10, 'preprocess__text_clean_pipeline__tfidf__ngram_range': (1, 1), 'preprocess__text_clean_pipeline__tfidf__sublinear_tf': True}",0.9240471404966831,0.9185928601265895,0.9253732340509513,0.928208723253787,0.9223804746476326,0.9237204865151287,0.0031959577734553784,7,0.9310288065843622,0.9351289210050912,0.9323878627968337,0.9372426288914512,0.9336399474375822,0.9338856333430641,0.002157791492474766,2,0.9531513313110886,0.9598786244099797,0.9531355360755226,0.9592043155765341,0.9581928523263655,0.9567125319398981,0.002963157943812574,9,0.9099099099099099,0.9116234390009607,0.9125242091672047,0.9162640901771336,0.9103139013452914,0.9121271099201002,0.0022684655198997304,19
3.2366765975952148,0.3057677346815442,1.0223599433898927,0.03454898281996865,1.443325767880604,balanced,l1,3000,10,"(1, 1)",True,"{'classifier__C': np.float64(1.443325767880604), 'classifier__class_weight': 'balanced', 'classifier__penalty': 'l1', 'preprocess__text_clean_pipeline__tfidf__max_features': 3000, 'preprocess__text_clean_pipeline__tfidf__min_df': 10, 'preprocess__text_clean_pipeline__tfidf__ngram_range': (1, 1), 'preprocess__text_clean_pipeline__tfidf__sublinear_tf': True}",0.9230879101005367,0.9190742160518345,0.9240569955429832,0.9263939484893837,0.9223861281515715,0.9229998396672621,0.0023846371731434035,9,0.912689996465182,0.9072964399013042,0.910863016126174,0.911723163841808,0.9082211197732105,0.9101587472215357,0.0020638711253001644,14,0.8702392989551736,0.8678354686446392,0.8664868509777478,0.8705327039784221,0.8641267700606878,0.867844218523334,0.0023927519973377677,22,0.9594946116685247,0.9505169867060561,0.9600298841987299,0.9570051890289103,0.957057505601195,0.9568208354406831,0.003384540770252881,5
2.388255786895752,0.33311456719842675,1.3436645030975343,0.34914180877729334,0.044145368764944806,,l1,3000,5,"(1, 1)",True,"{'classifier__C': np.float64(0.044145368764944806), 'classifier__class_weight': None, 'classifier__penalty': 'l1', 'preprocess__text_clean_pipeline__tfidf__max_features': 3000, 'preprocess__text_clean_pipeline__tfidf__min_df': 5, 'preprocess__text_clean_pipeline__tfidf__ngram_range': (1, 1), 'preprocess__text_clean_pipeline__tfidf__sublinear_tf': True}",0.8025719397108027,0.8015186830758747,0.8114433087183198,0.8072818158643488,0.8017560297189283,0.8049143554176549,0.0038787787610174173,28,0.9014898145332928,0.9005617124639441,0.9010788633946208,0.9012458219386205,0.9009118541033435,0.9010576132867645,0.00031299691590922873,23,0.9993259184361307,1.0,0.9996628455832771,1.0,0.9993256911665542,0.9996628910371925,0.0003015092682824728,2,0.8211021877596234,0.8191107428887048,0.8201936376210235,0.8202433628318584,0.8201438848920863,0.8201587631986593,0.0006319796135298379,29
3.15098090171814,0.39787958479238,0.9645015239715576,0.06355050687651227,30.608522106722507,,l1,5000,5,"(1, 1)",False,"{'classifier__C': np.float64(30.608522106722507), 'classifier__class_weight': None, 'classifier__penalty': 'l1', 'preprocess__text_clean_pipeline__tfidf__max_features': 5000, 'preprocess__text_clean_pipeline__tfidf__min_df': 5, 'preprocess__text_clean_pipeline__tfidf__ngram_range': (1, 1), 'preprocess__text_clean_pipeline__tfidf__sublinear_tf': False}",0.8741024234054272,0.8661794605734601,0.8836020632205648,0.8682168231830667,0.8677136613324999,0.8719628863430039,0.006412253476720731,25,0.909213863060017,0.9040909862502122,0.9129180105245289,0.9088769334229994,0.9139495798319328,0.9098098746179382,0.0034850813845737896,15,0.9063026626221773,0.8978422117329737,0.9066082265677681,0.911328388401888,0.9167228590694538,0.9077608696788522,0.006243062919520697,14,0.9121438263229308,0.9104273504273505,0.9193162393162393,0.9064386317907445,0.9111930294906166,0.9119038154695763,0.004184615415172023,20
3.5580196380615234,0.16599792732459842,0.8029634475708007,0.11115237889505637,16.973078532467014,,l2,10000,5,"(1, 1)",True,"{'classifier__C': np.float64(16.973078532467014), 'classifier__class_weight': None, 'classifier__penalty': 'l2', 'preprocess__text_clean_pipeline__tfidf__max_features': 10000, 'preprocess__text_clean_pipeline__tfidf__min_df': 5, 'preprocess__text_clean_pipeline__tfidf__ngram_range': (1, 1), 'preprocess__text_clean_pipeline__tfidf__sublinear_tf': True}",0.9159658684554489,0.907386709444737,0.9149764403072216,0.9145467740078614,0.9120237693863791,0.9129799123203295,0.0030839987454224366,14,0.9271369294605809,0.9271523178807947,0.9287739783152628,0.9307883817427386,0.9308862433862434,0.9289475701571239,0.0016539967217767723,4,0.9413549039433772,0.9440323668240054,0.9386378961564397,0.9453809844908968,0.9490896830748483,0.9436991668979134,0.0035527236756922754,11,0.9133420536298235,0.9108653220559532,0.9191152195444041,0.916639424648578,0.9133679428942245,0.9146659925545967,0.002883501290895059,16
2.6213037967681885,0.24112763216891192,0.8840242385864258,0.05453584226944812,0.08160948743089923,,l2,3000,3,"(1, 1)",True,"{'classifier__C': np.float64(0.08160948743089923), 'classifier__class_weight': None, 'classifier__penalty': 'l2', 'preprocess__text_clean_pipeline__tfidf__max_features': 3000, 'preprocess__text_clean_pipeline__tfidf__min_df': 3, 'preprocess__text_clean_pipeline__tfidf__ngram_range': (1, 1), 'preprocess__text_clean_pipeline__tfidf__sublinear_tf': True}",0.9123267528175788,0.9045560492276239,0.9122437420850944,0.9152765899708895,0.9109583408713386,0.9110722949945049,0.0035523652233675393,15,0.9060299969390878,0.9060064190738194,0.905666156202144,0.9070016853071855,0.90625,0.9061908515044473,0.0004463506856973626,19,0.9976407145264578,0.9993256911665542,0.9969656102494943,0.9979770734996628,0.9973027646662171,0.9978423708216774,0.0008147310258397155,3,0.8298289879450519,0.8286273413474979,0.829685746352413,0.8312271833754563,0.8304323413812464,0.8299603200803333,0.0008599090511279291,28
